Student Profile,Academic Result,Academic Feedback,Final Combined Report
"Quiet achiever, works independently, sometimes drifts off, does not contribute often to class discussions",English: Satisfactory. Maths: Satisfactory.,The student shows steady understanding but would benefit from contributing more during discussions and staying focused during independent tasks.,"[Student's Name] has demonstrated a commendable ability to work independently and displays a steady understanding of the material in both English and Maths. Their quiet nature is an asset, allowing for focused work, and they consistently complete tasks to a satisfactory standard. 

To further enhance their learning journey, it would be beneficial for [Student's Name] to engage more actively in class discussions. This participation will not only enrich their own understanding but also contribute to the collaborative learning environment of the classroom. Additionally, maintaining focus during independent tasks will support deeper comprehension of the subjects.

Overall, [Student's Name] has shown a solid foundation in their studies, and with a little more engagement, I am confident they will continue to thrive."
"Confident student, strong speaker, helpful in class, sometimes calls out, needs reminders to wait turn",English: High. Maths: High.,"The student demonstrates strong understanding and communicates ideas clearly, but should continue developing patience and listening skills during class discussions.","[Student Name] is a confident and articulate member of our classroom community, often sharing insightful ideas that enhance our discussions. With high achievements in both English and Maths, [he/she/they] demonstrates a solid understanding of the material and communicates concepts clearly to peers. 

To further enrich [his/her/their] learning experience, focusing on patience and listening skills during discussions will be beneficial. By waiting for others to finish sharing their thoughts, [he/she/they] can not only refine these skills but also encourage a more collaborative environment. Overall, [Student Name] is on a promising path, and I look forward to seeing [his/her/their] continued growth this year."
"Kind student, needs check-ins, struggles with maths, improved reading and writing, benefits from support",English: Satisfactory. Maths: Limited.,"The student has made progress in reading and writing, but requires continued support in Mathematics and benefits from regular check-ins.","[Student Name] demonstrates a kind and considerate attitude in the classroom, contributing positively to the learning environment. This term, [he/she/they] has shown notable improvement in reading and writing, achieving satisfactory results in English. [His/Her/Their] dedication to developing these skills is commendable and reflects [his/her/their] hard work.

While [Student Name] continues to benefit from regular support in Mathematics, it is important to maintain this encouragement as [he/she/they] works toward greater confidence in this subject. Regular check-ins have proven helpful, and ongoing practice will be essential for [his/her/their] continued growth.

With consistent support and encouragement, I am confident that [Student Name] will continue to develop [his/her/their] abilities and flourish as a learner."
