Question,Expected Answer,Student Answer,AI Feedback,Student Answer Correctness,Feedback Accuracy,Feedback Relevance,Feedback Clarity,Feedback Helpfulness,Summary
How many hearts do octopuses have?,Octopuses have three hearts.,Octopuses have three hearts.,"### Feedback on Student's Response

1. **What is correct:**
   - The student correctly stated that octopuses have three hearts.

2. **What is missing:**
   - The response lacks additional information about the function of the hearts or why octopuses need three hearts. Including details on what each heart does (e.g., two pump blood to the gills, and one pumps it to the rest of the body) would enhance the answer.

3. **How the response can be improved:**
   - To improve the response, the student could add a brief explanation about the role of each heart or the significance of having three hearts. For example: ""Octopuses have three hearts; two pump blood to the gills, where oxygen is taken up, and one pumps it to the rest of the body."" This addition would provide a more comprehensive answer.",2,4,5,5,4,"The student answered correctly, but the feedback could better emphasize the importance of additional details."
How many hearts do octopuses have?,Octopuses have three hearts.,Octopuses have two hearts.,"### Feedback on Student Response

1. **What is correct:**
   - The student demonstrated an understanding that octopuses have more than one heart.

2. **What is missing:**
   - The student did not provide the correct number of hearts; octopuses actually have three hearts.

3. **How the response can be improved:**
   - To enhance accuracy, the student should state that ""Octopuses have three hearts."" Additionally, including a brief explanation of the function of these hearts (e.g., two pump blood to the gills, and one pumps it to the rest of the body) would deepen the response and show a better understanding of the topic.",1,4,5,5,4,"The student's answer is partially correct, acknowledging more than one heart, but not the exact number. The feedback accurately identifies the mistake and provides relevant guidance for improvement."
